<?xml version="1.0" encoding="UTF-8"?>
<!-- navermail설정 -->
    <bean id="mailSender" class="org.springframework.mail.javamail.JavaMailSenderImpl"> 
     <property name="host" value="smtp.naver.com"/> <!-- 메이서버 호스트 -->
     <property name="port" value="465"/> <!-- 메이서버 포트번호 -->
     <property name="username" value="your_email"/> <!-- 자신의 이메일 아이디 -->
     <property name="password" value="your_password"/> <!-- 자신의 비밀번호 -->
       <!-- 보안연결 SSL과 관련된 설정 -->
     <property name="javaMailProperties">
      <props>
      <prop key="mail.smtp.auth">true</prop>
      <prop key="mail.smtp.starttls.enable">true</prop>
      <prop key="mail.smtps.checkserveridentity">true</prop>
      <prop key="mail.smtps.ssl.trust">*</prop>
      <prop key="mail.debug">true</prop>
      <prop key="mail.smtp.socketFactory.class">javax.net.ssl.SSLSocketFactory</prop>
      </props>
     </property>
    </bean>
